LCS_Process_ID,Life_cycle_stage,Process_name,Region,Dataset_name,Unit_of_measure,Data_source,UUID,TeR,GR,TiR,P,PEF_DQR
Trims,LCS1,"Zipper tape or puller, plastic",GLO,"Zipper tape and puller, plastic {GLO} | production, at plant | 1kg of product, nylon zipper | LCI result",kg,EF Database 3.1,00d09aaa-f6b8-5e16-bbc5-4f74d571366f,"  1,96 ","  1,96 ","  1,02 ","  1,78 ","  1,68 "
Dyeing - Apparel,LCS2,"Dyeing, batch (incl. piece, jet, jig, kier [fiber], paddle, pad-batch, yarn), direct, sulfur, vat or reactive dyes",GLO,"Dyeing, batch (incl. piece, jet, jig, kier [fiber], paddle, pad-batch, yarn), direct, sulfur, vat or reactive dyes {GLO} | Dyeing | production mix, at plant | textile service for 1 kg of fabric | LCI result",kg,EF Database 3.1,00fc088d-bc5f-5266-9e4a-086cfb653d2c,"  1,49 ","  1,49 ","  2,02 ","  1,88 ","  1,72 "
Tertiary packaging - apparel,LCS1,Shrink film,Europe,"Plastic, shrink wrap {EU+EFTA+UK} | raw material production, plastic extrusion | production mix, at plant | thickness: 120 um, grammage: 0,11016 kg/m2 | LCI result",m2,EF Database 3.1,017de0d2-c8f8-4208-b1b5-357a815f2dd8,"  2,00 ","  2,00 ","  2,00 ","  2,00 ","  2,00 "
BOM - Footwear,LCS1,Vinyl acetate,GLO,"Ethylene vinyl acetate copolymer {GLO} | Technology mix | Production mix, at plant | LCI result",kg,EF Database 3.1,0259ff8c-04c1-4caf-985b-c86f3bc435da,"  2,80 ","  2,80 ","  2,40 ","  2,70 ","  2,68 "
End-of-life for intermediate product packaging,LCS2,"Incineration, pallet",Europe,"Waste incineration of processed wood {EU+EFTA+UK} | waste-to-energy plant with dry flue gas treatment, including transport and pre-treatment | production mix, at consumer | wood waste | LCI result",kg,EF Database 3.1,034b2afb-2aa4-4d64-99b5-f39f700f3d44,"  2,00 ","  1,00 ","  1,00 ","  2,00 ","  1,50 "
End-of-life for intermediate product packaging,LCS2,"Incineration, LDPE",Europe,"Waste incineration of PE {EU+EFTA+UK} | waste-to-energy plant with dry flue gas treatment, including transport and pre-treatment | production mix, at consumer | polyethylene waste | LCI result",kg,EF Database 3.1,0370baaf-8923-4e26-b3b8-abcebb89f974,"  2,00 ","  1,00 ","  1,00 ","  2,00 ","  1,50 "
End-of-life for intermediate product packaging,LCS2,"Virgin, LDPE",Europe,"Low density polyethylene (LDPE), fossil fuel-based {GLO} | polymerisation of fossil-based ethylene | production mix, at plant | petrochemical based | LCI result",kg,EF Database 3.1,03af7382-7420-5934-a943-8481e4d9ebbf,"  1,43 ","  1,82 ","  1,00 ","  1,84 ","  1,52 "
End-of-life for intermediate product packaging,LCS2,"Landfill, pallet",Europe,"Landfill of processed wood {EU+EFTA+UK} | landfill including leachate treatment and with transport without collection and pre-treatment | production mix (region specific sites), at landfill site | The carbon and water content are respectively of 45%C and and 8% Water (in weight %) | LCI result",kg,EF Database 3.1,0907b969-c8a5-4317-84b3-04ad0a04447e,"  2,00 ","  2,00 ","  2,00 ","  2,00 ","  2,00 "
Component manufacturing - Footwear,LCS2,Sewing,GLO,"Sewing {GLO} | sewing process | production mix, at plant | service for 1 pair | LCI result",p,EF Database 3.1,095fd655-ce3c-5134-86a7-37c3236f6f08,"  1,00 ","  2,48 ","  1,00 ","  2,00 ","  1,62 "
Component manufacturing - Footwear,LCS2,Lasting,GLO,"Lasting, strobel {GLO} | lasting process | production mix, at plant | service | LCI result",p,EF Database 3.1,09d7db4c-f56c-5f1b-a3d1-d46767293282,"  1,69 ","  2,17 ","  1,00 ","  2,00 ","  1,72 "
BOM - Apparel,LCS1,"Dressed rabbit fur, farmed, global origin",GLO,"Dressed rabbit fur, farmed, global origin {GLO} | technology mix | production mix, at plant | 1kg | LCI result",kg,EF Database 3.1,0aebff95-5ae3-5bd8-ae14-e207fe0da577,"  1,04 ","  1,04 ","  1,40 ","  2,00 ","  1,37 "
Electronic parts,LCS1,Resistor,GLO,"Flat chip resistor technology mix production mix, at plant 1 piece of resistor flat chip 1206 (9.2mg)",kg,EF Database 3.1,0ce7601b-80b7-41ee-b8a5-3a4e0b6750d6,"  3,00 ","  2,00 ","  2,00 ","  2,00 ","  2,25 "
Fabric manufacturing - Apparel,LCS2,"Knitting, circular",GLO,"Knitting, circular {GLO} | knitting process | production, at plant | service of knitting fabric | LCI result",kg,EF Database 3.1,105d486f-1c09-56c3-ac9d-b517cd566fbb,"  1,00 ","  1,61 ","  1,00 ","  2,00 ","  1,40 "
BOM - Footwear,LCS1,PVC,Europe,"PVC granulates, low density {EU+EFTA+UK} | polymerisation of vinyl chloride | production mix, at plant | 62 g/mol per repeating unit | LCI result",kg,EF Database 3.1,13c6a030-b42c-46be-acd2-6c81bcaa8355,"  1,00 ","  1,00 ","  1,00 ","  2,00 ","  1,25 "
Assembly - Apparel,LCS2,Cutting,GLO,"Cutting {GLO} | straight knive, round knive, band knive, hot knife, and ultrasonic cutting | production mix, at plant | service for 1 kg | LCI result",kg,EF Database 3.1,143f0bad-fb5c-5dd3-9a42-366c3459a490,"  1,00 ","  1,66 ","  1,00 ","  2,00 ","  1,42 "
Component manufacturing - Footwear,LCS2,Vulcanizing,GLO,"Vulcanizing {GLO} | vulcanizing, press vulcanisation- injection molding | production mix, at plant | service for 1 pair | LCI result",p,EF Database 3.1,14bda935-a17f-5d1f-bde6-c9d25e9d296b,"  1,74 ","  1,94 ","  1,00 ","  1,26 ","  1,49 "
End-of-life for manufacturing losses,LCS2,Incineration of polyurethane,Europe,"Waste incineration of PU {EU+EFTA+UK} | waste-to-energy plant with dry flue gas treatment, including transport and pre-treatment | production mix, at consumer | polyurethane waste | LCI result",kg,EF Database 3.1,15eab50d-177a-46a6-815f-805200411487,"  2,00 ","  1,00 ","  1,00 ","  2,00 ","  1,50 "
Transport raw materials,LCS1,"Transport, plane",GLO,"Cargo plane {GLO} | technology mix, kerosene driven, cargo | consumption mix, to consumer | 65 t payload | LCI result",kgkm,EF Database 3.1,1cc5d465-a12a-43da-aa86-a9c6383c78ac,"  2,00 ","  2,00 ","  1,00 ","  2,00 ","  1,75 "
Dyeing - Apparel,LCS2,Screen printing,Europe,"Printing, screen {GLO} | printing service | production, at plant | service of printing, Screen on 1m2 of fabric | LCI result",m2,EF Database 3.1,1e02e4e6-b775-5da8-92d1-34bb284d629a,"  1,70 ","  1,77 ","  1,04 ","  1,00 ","  1,38 "
Transport from retail/ stores to final client (customer travel) - local,LCS3,Passenger car,Europe,"Passenger car, average {GLO} | technology mix, gasoline and diesel driven, Euro 3-5, passenger car | consumption mix, to consumer | engine size from 1,4l up to >2l | LCI result",m,EF Database 3.1,1ead35dd-fc71-4b0c-9410-7e39da95c7dc,"  3,00 ","  3,00 ","  3,00 ","  3,00 ","  3,00 "
BOM - Apparel,LCS1,"Down, duck",GLO,"Down {GLO} | duck | production mix, at plant | renewable | LCI result",kg,EF Database 3.1,241d988a-490f-5747-88dd-e940cf98835c,"  1,86 ","  1,86 ","  1,89 ","  2,00 ","  1,90 "
Washing - both,LCS4,Handwashing,Europe,"Handwashing {EU+EFTA+UK} | handwashing process | production mix, at plant | service | LCI result",kg,EF Database 3.1,25b97e74-0fc8-5092-ac30-8452c6d1ecbe,"  1,81 ","  1,81 ","  1,00 ","  2,00 ","  1,66 "
Washing - both,LCS4,"Washing, 30°, average",Europe,"Washing, 30 degrees C, average {EU+EFTA+UK} | washing, cold to warm water | production mix, at plant | service | LCI result",kg,EF Database 3.1,27f9009b-8fd1-5cae-ad4f-115dd1f44d71,"  1,97 ","  1,98 ","  1,00 ","  2,00 ","  1,74 "
Yarn production - Apparel,LCS2,"Spinning, continuous filament (dry)",GLO,"Spinning, continuous filament (dry) {GLO} | spinning process | production mix | service of spinning 1kg of yarn (raw material excluded) | LCI result",kg,EF Database 3.1,2a45fc49-9fd3-57e3-8aaf-39308eff48ee,"  1,13 ","  1,63 ","  1,00 ","  2,00 ","  1,44 "
Washing - both,LCS4,"Washing, 60°, average",Europe,"Washing, 60 degrees C, average {EU+EFTA+UK} | washing, hot water | production mix, at plant | service | LCI result",kg,EF Database 3.1,2baf17e3-2fff-5b3f-bceb-dd9718cf96e4,"  1,60 ","  1,60 ","  1,17 ","  2,00 ","  1,59 "
Treatments - Apparel,LCS2,"Finishing, spray-dry-cure",GLO,"Finishing, stain resistant/stain release {GLO} | pad dry-cure method | production mix, at plant | service | LCI result",kg,EF Database 3.1,2c94f6ed-61b4-545e-afca-7c440ce99a91,"  2,00 ","  2,00 ","  1,00 ","  2,00 ","  1,75 "
End-of-life for manufacturing losses,LCS2,Incineration of other textiles and footwear components,Europe,"Waste incineration of municipal solid waste {EU+EFTA+UK} | waste-to-energy plant with dry flue gas treatment, including transport and pre-treatment | production mix, at consumer | municipal solid waste | LCI result",kg,EF Database 3.1,2f07be1f-d11a-46ac-b4f0-49c5f28b5b93,"  2,00 ","  1,00 ","  1,00 ","  2,00 ","  1,50 "
BOM - Apparel,LCS1,"Dressed mink fur, farmed, global origin except China",GLO,"Dressed mink fur, farmed, global origin except china {GLO} | technology mix | production mix, at plant | 1kg | LCI result",kg,EF Database 3.1,2fa1f180-71c1-5554-a448-d77415a6286d,"  1,68 ","  1,68 ","  1,21 ","  2,00 ","  1,64 "
Product assembly - Footwear,LCS2,"Coating, water based emulsion",GLO,"Coating, water based emulsion {GLO} | Finishing | technology mix | textile service for 1 kg of fabric | LCI result",kg,EF Database 3.1,30330988-7800-5b4b-9cda-2ad01922fb78,"  2,00 ","  2,00 ","  1,00 ","  2,00 ","  1,75 "
Trims,LCS1,"Zippers, metal",GLO,"Zipper tape and puller, metal {GLO} | production, at plant | 1kg of product, brass zipper | LCI result",kg,EF Database 3.1,30404be3-773b-5e0e-8a5b-780b6f9ba2d2,"  2,00 ","  2,00 ","  1,00 ","  2,00 ","  1,75 "
End-of-life for intermediate product packaging,LCS2,"Recyling, cardboard",Europe,"Recycling paper and cardboard, waste management, technology mix, at plant {EU+EFTA+UK} | collection, sorting, transport, recycling | production mix, at plant | paper waste, efficiency 90,9% | LCI result",kg,EF Database 3.1,308685e7-15fe-417e-a016-1f6060a0ff10,"  2,00 ","  2,00 ","  2,00 ","  2,00 ","  2,00 "
Primary packaging - both,LCS1,"Hangtag, plastic",Europe,"Label, plastic {EU+EFTA+UK} | Polymerisation of ethylene, label production by extrusion | production mix, at plant | thickness: 100 um, grammage: 0.0943 kg/m2 | LCI result",m2,EF Database 3.1,3087a31b-a9f1-4fad-ad9b-2d7b88111f60,"  2,00 ","  2,00 ","  2,00 ","  2,00 ","  2,00 "
BOM - Apparel,LCS1,Acrylic fibre,GLO,"Acrylic fiber {GLO} | polymerisation of acrylonitrile with the ethyl acetate, spinning, post-spinning treatment | production mix, at plant | petrochemical based | LCI result",kg,EF Database 3.1,30eec2db-9118-5417-8c59-8f8a69d34750,"  2,15 ","  2,15 ","  1,00 ","  2,00 ","  1,83 "
Tertiary packaging - apparel,LCS1,Pallets,Europe,"Pallet, wood (80x120) {EU+EFTA+UK} | sawing, piling, nailing | single route, at plant | 25 kg/piece, nominal loading capacity of 1000kg | LCI result",kg,EF Database 3.1,3203d6d8-2760-4b7b-b1c6-f82681e9e2f3,"  2,00 ","  2,00 ","  2,00 ","  2,00 ","  2,00 "
Storage during distribution - DC,LCS3,"Electricity, EU grid mix",Europe,"Electricity grid mix 1kV-60kV {EU+EFTA+UK} | technology mix | consumption mix, to consumer | 1kV - 60kV | LCI result",MJ,EF Database 3.1,34960d4d-af62-43a0-aa76-adc5fcf57246,"  1,00 ","  1,00 ","  1,00 ","  2,00 ","  1,25 "
Fabric manufacturing - Apparel,LCS2,"Weaving, others",GLO,"Weaving (different fabric counts) {GLO} | service, Fabric, Weaved, Mix of different counts | production mix, at plant | service, Fabric, Weaved, Mix of different counts | LCI result",kg,EF Database 3.1,35df89ba-c78c-58c5-b4e2-9be77cc939d3,"  1,00 ","  1,61 ","  1,00 ","  2,00 ","  1,40 "
End-of-life for manufacturing losses,LCS2,"Processing for recycling, wipers",Europe,"Recycling, downcycling {GLO} | collection, sorting, transport, washing, granulation, pelletization | production mix, at plant | LCI result",kg,EF Database 3.1,36c4a273-6e29-487d-9cd8-74c52578846b,"  3,00 ","  3,00 ","  2,00 ","  2,00 ","  2,50 "
Dyeing - Apparel,LCS2,"Dyeing, batch (incl. piece, jet, jig, kier, yarn), disperse or cationic dyes",GLO,"Dyeing, batch (incl. piece, jet, jig, kier, yarn), disperse or cationic dyes {GLO} | Dyeing | production mix, at plant | textile service for 1 kg of fabric | LCI result",kg,EF Database 3.1,3ca6756d-e7fc-5340-afe2-3dc0d24b39d1,"  1,64 ","  1,64 ","  1,63 ","  1,00 ","  1,48 "
Component manufacturing - Footwear,LCS2,"Injection molding, for foam {GLO} | injection process | production mix, at plant | item(s) = pair | LCI result",Europe,"Injection molding, for foam {GLO} | injection process | production mix, at plant | item(s) = pair | LCI result",p,EF Database 3.1,415b6078-e252-5716-a063-427f3b8e45b3,"  1,95 ","  1,95 ","  1,00 ","  1,91 ","  1,70 "
End-of-life for manufacturing losses,LCS2,Incineration of PVC,Europe,"Waste incineration of PVC {EU+EFTA+UK} | waste-to-energy plant with dry flue gas treatment, including transport and pre-treatment | production mix, at consumer | polyvinyl chloride waste | LCI result",kg,EF Database 3.1,4234f73d-11d3-4923-a6b7-f903e866e165,"  2,00 ","  1,00 ","  1,00 ","  2,00 ","  1,50 "
BOM - Footwear,LCS1,Cork,Europe,"Natural cork {EU+EFTA+UK} | Cork treatment, cork breaking | single route, at plant | 120,240 kg/m3 | LCI result",kg,EF Database 3.1,43397385-3094-438e-b636-476767b88114,"  2,00 ","  2,00 ","  2,00 ","  2,00 ","  2,00 "
BOM - Apparel,LCS1,"Dressed fox fur, farmed, global origin except China",GLO,"Dressed fox fur, farmed, global origin except china {GLO} | technology mix | production mix, at plant | 1kg | LCI result",kg,EF Database 3.1,48207dc0-b0ba-511c-af04-fafb96cae81e,"  1,50 ","  1,50 ","  1,19 ","  2,00 ","  1,55 "
Trims,LCS1,Shoe lace,GLO,"Shoe lace {GLO} | braiding | Production mix, at plant | Shoe lace (PES, Cotton, Nylon) | LCI result",kg,EF Database 3.1,494ef99a-165e-5418-b622-989846850748,"  1,84 ","  1,84 ","  1,06 ","  2,00 ","  1,69 "
Transport raw materials,LCS1,"Transportation, barge",Europe,"Barge {EU+EFTA+UK} | technology mix, diesel driven, cargo | consumption mix, to consumer | 1500 t payload capacity | LCI result",kgkm,EF Database 3.1,4cfacea0-cce4-4b4d-bd2b-223c8d4c90ae,"  1,00 ","  1,00 ","  1,00 ","  2,00 ","  1,25 "
BOM - Apparel,LCS1,Polyester ,Europe,"PET granulates, bottle grade {EU+EFTA+UK} | via purified terephthalic acid (PTA) and ethylene glycol | production mix, at plant | 192.17 g/mol per repeating unit | LCI result",kg,EF Database 3.1,52ecabcf-fb6a-4d58-895c-41078326bbcb,"  3,00 ","  3,00 ","  1,00 ","  3,00 ","  2,50 "
Trims,LCS1,"Shoe eyelet, plastic",GLO,"Shoe eyelet, plastic {GLO} | production, at plant | 1kg of product, PA-Nylon plastic shoe eyelet | LCI result",kg,EF Database 3.1,558b311a-5590-5066-9f08-5b7334ac254a,"  2,10 ","  2,10 ","  1,04 ","  2,00 ","  1,81 "
End-of-life for manufacturing losses,LCS2,Incineration of inert waste,Europe,"Waste incineration of inert material {EU+EFTA+UK} | waste-to-energy plant with dry flue gas treatment, including transport and pre-treatment | production mix, at consumer | inert material waste | LCI result",kg,EF Database 3.1,55cd3dde-21f9-47f8-8f15-bc319c732107,"  2,00 ","  1,00 ","  1,00 ","  2,00 ","  1,50 "
BOM - Footwear,LCS1,Isobutylene isoprene rubber (IIR) ,GLO,"Styrene-butadiene rubber (SBR) fiber {EU+EFTA+UK} | Emulsion polymerization of styrene and butadiene | production mix, at plant | 23.5 % styrene | LCI result",kg,EF Database 3.1,611f35f6-6a9a-4e05-a7c7-a008e093c6e0,"  2,00 ","  2,00 ","  2,00 ","  2,00 ","  2,00 "
Washing - both,LCS4,"Washing, dry cleaning",Europe,"Washing, dry cleaning {EU+EFTA+UK} | washing process | production mix, at plant | service | LCI result",kg,EF Database 3.1,64a29c62-7bed-5c8b-9aa3-761864dc435a,"  1,40 ","  1,47 ","  1,23 ","  2,00 ","  1,53 "
BOM - Footwear,LCS1,"Latex, natural, virgin",GLO,"Latex production {GLO} | technology mix | production mix, at plant | 100% active substance | LCI result",kg,EF Database 3.1,64c0542e-8d8c-4eb8-8b47-031a287010f4,"  2,00 ","  2,00 ","  1,00 ","  2,00 ","  1,75 "
Trims,LCS1,"Shoe eyelet, metal",GLO,"Shoe eyelet, metal {GLO} | production, at plant | 1kg of product, brass based | LCI result",kg,EF Database 3.1,66333fc1-1cc9-5e94-8274-f5ecd4b337d9,"  2,00 ","  2,00 ","  1,00 ","  2,00 ","  1,75 "
BOM - Apparel,LCS1,Elastane fibre / Spandex,GLO,"Elastane fibre / spandex {GLO} | dry spinning, extrusion, texturising | production mix, at plant | 1kg of product | LCI result",kg,EF Database 3.1,686e526f-cc4e-50a8-9922-490c1e98d746,"  2,01 ","  2,01 ","  1,00 ","  2,00 ","  1,76 "
Care - Footwear,LCS4,Waxing,GLO,"Wax production {EU+EFTA+UK} | technology mix | production mix, at plant | 100% active substance | LCI result",kg,EF Database 3.1,697889d5-d952-45eb-9e46-c39046c35522,"  1,00 ","  2,00 ","  2,00 ","  2,00 ","  1,75 "
Trims,LCS1,Brand tag,GLO,"Care label {GLO} | spinning, weaving, printing | Production mix, at plant | PET/PE label | LCI result",kg,EF Database 3.1,6ad4fcd5-8cd0-58cf-aedf-17ad8714d642,"  1,81 ","  1,87 ","  1,01 ","  2,00 ","  1,67 "
Transport raw materials,LCS1,"Transport, ship",GLO,"Transoceanic ship, containers {GLO} | heavy fuel oil driven, cargo | consumption mix, to consumer | 27.500 dwt payload capacity, ocean going | LCI result",kgkm,EF Database 3.1,6ca61112-1d5b-473c-abfa-4accc66a8a63,"  2,00 ","  2,00 ","  1,00 ","  2,00 ","  1,75 "
BOM - Footwear,LCS1,"Thermoplastic elastomer (TPE), fossil fuel-based",GLO,"Thermoplastic polyurethane (TPU) {GLO} | reaction of diisocyanates (hard segment) with diols (soft segment) | production mix, at plant | petrochemical based | LCI result",kg,EF Database 3.1,6ee23d23-e813-5736-877d-9cdc8988326c,"  1,92 ","  1,92 ","  1,02 ","  2,00 ","  1,72 "
BOM - Apparel,LCS1,Cotton fibre,GLO,"Cotton fibre {GLO} | technology mix | production mix, at farm | ""as is"" delinted product | LCI result",kg,EF Database 3.1,71cae2e1-a84f-5b1d-b386-ee1f86ec78db,"  1,66 ","  1,66 ","  1,19 ","  2,00 ","  1,63 "
Product assembly - Footwear,LCS2,Waterproofing,GLO,"Waterproofing {GLO} | waterproofing, silicone spray | production mix, at plant | service, item(s) = pair | LCI result",p,EF Database 3.1,727791d0-2bd6-5193-9645-d2442009a4d6,"  2,00 ","  2,00 ","  1,00 ","  2,00 ","  1,75 "
BOM - Apparel,LCS1,"Linen, dew-retted",GLO,"Linen {EU+EFTA+UK} | European Flax scutched long fibre, dew retted | LCI result",kg,EF Database 3.1,768dc973-7f2f-58fe-8898-6a9ce34756c5,"  1,19 ","  1,19 ","  1,00 ","  2,00 ","  1,35 "
End-of-life for manufacturing losses,LCS2,Incineration of polyester and other synthetic materials,Europe,"Waste incineration of PET {EU+EFTA+UK} | waste-to-energy plant with dry flue gas treatment, including transport and pre-treatment | production mix, at consumer | polyethylene terephthalate waste | LCI result",kg,EF Database 3.1,773b8f01-2263-4d3d-a6f9-11dd316d4a58,"  2,00 ","  1,00 ","  1,00 ","  2,00 ","  1,50 "
Trims,LCS1,"Buttons, plastic",GLO,"Buttons, plastic {GLO} | production, at plant | 1kg of product, polyester based | LCI result",kg,EF Database 3.1,7752bb2f-97b3-5211-b421-b282c35792bc,"  1,63 ","  2,12 ","  1,00 ","  2,00 ","  1,69 "
End-of-life for manufacturing losses,LCS2,Virgin mineral wool,Europe,"Stone wool {GLO} | technology mix | production mix, at plant | LCI result",kg,EF Database 3.1,7aeb5a00-122e-4bbf-9abd-ccf0e7510fc3,"  2,00 ","  3,00 ","  3,00 ","  2,00 ","  2,50 "
Yarn production - Apparel,LCS2,"Spinning, for woven, ring-spun",GLO,"Spinning, for woven, ring-spun {GLO} | spinning process | production mix | service of spinning 1kg of yarn (raw material excluded) | LCI result",kg,EF Database 3.1,7bf3b729-d5f4-590a-bdca-a161981dd01e,"  1,00 ","  1,61 ","  1,00 ","  2,00 ","  1,40 "
Primary packaging - both,LCS1,"Hangtag, paper",Europe,"Label, paper {EU+EFTA+UK} | Kraft pulping process, label production | production mix, at plant | thickness: 77 um, grammage: 90 g/m2 | LCI result",m2,EF Database 3.1,7db01ade-8476-4c20-9c0b-7faff30d9f9f,"  2,00 ","  2,00 ","  2,00 ","  2,00 ","  2,00 "
End-of-life for manufacturing losses,LCS2,Landfill of textiles,Europe,"Landfill of textile {EU+EFTA+UK} | landfill including leachate treatment and with transport without collection and pre-treatment | production mix (region specific sites), at landfill site | The carbon and water content are respectively of 40%C and and 12% Water (in weight %) | LCI result",kg,EF Database 3.1,7e851603-761f-4f7c-b5c9-145d0a703a44,"  2,00 ","  2,00 ","  2,00 ","  2,00 ","  2,00 "
BOM - Apparel,LCS1,"Leather, swine, chrome tanned (wet-blue)",GLO,"Leather, swine, chrome tanned (wet-blue) {GLO} | technology mix | production mix, at tannery | m2 | LCI result",m2,EF Database 3.1,7f1baf26-941f-55f6-b5e9-9fcac04a4200,"  1,49 ","  1,49 ","  1,79 ","  2,20 ","  1,74 "
Storage during distribution - DC,LCS3,Electricity (NG) EU grid mix,Europe,"Thermal energy from natural gas {EU+EFTA+UK} | technology mix regarding firing and flue gas cleaning | production mix, at heat plant | MJ, 100% efficiency | LCI result",MJ,EF Database 3.1,81675341-f1af-44b0-81d3-d108caef5c28,"  1,00 ","  1,00 ","  1,00 ","  2,00 ","  1,25 "
BOM - Apparel,LCS1,"Leather, ovine (sheep), chrome tanned (wet-blue)",GLO,"Leather, ovine (sheep), chrome tanned (wet- blue) {GLO} | technology mix | production mix, at tannery | m2 | LCI result",m2,EF Database 3.1,82daa594-f848-512b-8e54-172d31d8ff4f,"  1,61 ","  1,61 ","  1,76 ","  2,00 ","  1,75 "
Component manufacturing - Footwear,LCS2,Insole production,GLO,"Assembly, insole {GLO} | insole assembly process | production mix, at plant | service | LCI result",p,EF Database 3.1,8342bf5f-64a4-5637-a7ca-9195b78848ea,"  1,91 ","  1,92 ","  1,01 ","  2,00 ","  1,71 "
End-of-life for intermediate product packaging,LCS2,"Recycling, LDPE",Europe,"Recycling of post-industrial waste polyethylene (PE) {EU+EFTA+UK} | collection, sorting, transport, washing, granulation, pelletization | production mix, at plant | 91.2% recycling rate | Partly terminated system",kg,EF Database 3.1,86034c65-32b3-4a85-9241-1930c5c2495a,"  1,00 ","  1,00 ","  2,00 ","  2,00 ","  1,50 "
End-of-life for intermediate product packaging,LCS2,"Landfill, cardboard",Europe,Landfill of paper and paperboard waste {EU+EFTA+UK} | LCI result,kg,EF Database 3.1,86ff0001-4794-4df5-a1d4-083a9d986b62,"  2,00 ","  2,00 ","  2,00 ","  2,00 ","  2,00 "
From final client to local warehouse/ DC (returns),LCS3,"Transport, lorry <7.5",Europe,"Articulated lorry transport, Euro 3, Total weight <7.5 t {EU+EFTA+UK} | diesel driven, Euro 3, cargo | consumption mix, to consumer | up to 7,5t gross weight / 3,3t payload capacity | LCI result",kgkm,EF Database 3.1,8c6dc5a6-02b7-4356-b924-988059f991c2,"  1,00 ","  1,00 ","  1,00 ","  2,00 ","  1,25 "
Conversion to low voltage,LCS3,Electricity conversion medium to low voltage,Europe,"Conversion from electricity medium voltage to electricity low voltage {GLO} | Transformation of medium voltage electricity to low voltage | Consumption mix, to consumer | grid losses, from 0,54% to 18,18% see general comments | Unit process, single operation",MJ,EF Database 3.1,8d21c6d3-cc85-49c4-b275-21827ce193b7,"  1,00 ","  1,00 ","  1,00 ","  2,00 ","  1,25 "
Dyeing - Apparel,LCS2,"Dyeing, batch (incl. piece, jet, jig, kier [fiber], paddle, pad-batch, yarn), direct, sulfur, vat or reactive dyes",GLO,"Dyeing, batch (incl. piece, jet, jig, kier, yarn), acid dyes {GLO} | Dyeing | production mix, at plant | textile service for 1 kg of fabric | LCI result",kg,EF Database 3.1,8f0dd29d-e2f5-5692-9882-d62af76c6adf,"  1,21 ","  1,99 ","  1,15 ","  1,78 ","  1,53 "
Storage during distribution - DC,LCS3,"Electricity, EU grid mix",Europe,"Residual grid mix {EU+EFTA+UK} | technology mix | consumption mix, to consumer | 1kV - 60kV | LCI result",MJ,EF Database 3.1,8fb75312-431d-42f6-9a4f-22fa886f7fe3,"  1,00 ","  1,00 ","  1,00 ","  2,00 ","  1,25 "
Pre-treatments,LCS2,"Scouring, cashmere",GLO,"Scouring, cotton {GLO} | technology mix | production mix, at plant | service (raw materials excluded) | LCI result",kg,EF Database 3.1,906b0519-dc0f-5ec0-9aed-12b8d9c5c83f,"  1,38 ","  2,28 ","  1,12 ","  2,00 ","  1,70 "
Drying - Apparel,LCS4,Tumble drying,Europe,"Tumble drying {EU+EFTA+UK} | drying, condenser tumble dryer | production mix, at plant | service | LCI result",kg,EF Database 3.1,90d4e7cb-842b-5ff3-8788-7f999c27889f,"  1,41 ","  1,41 ","  1,00 ","  2,00 ","  1,46 "
Product assembly - Footwear,LCS2,Cementing/gluing,GLO,"Cementing/gluing {GLO} | cementing process | production mix, at plant | service of glueing 1 pair of shoes | LCI result",p,EF Database 3.1,94c07b73-da17-54a6-a8b6-9f843480a2d3,"  1,22 ","  1,71 ","  1,00 ","  2,00 ","  1,48 "
End-of-life for manufacturing losses,LCS2,"Processing for recycling, insulation",Europe,"Recycling {GLO} | recycling of textile | production mix, at plant | recycling of 1kg of textile | LCI result",kg,EF Database 3.1,95200bb4-08e0-5004-a12f-44358690da74,"  1,00 ","  1,66 ","  1,00 ","  2,00 ","  1,42 "
End-of-life for manufacturing losses,LCS2,"Incineration of textiles, biobased",Europe,"Waste incineration of textile, animal and plant based {EU+EFTA+UK} | waste-to-energy plant with dry flue gas treatment, including transport and pre-treatment | production mix, at consumer | textile waste | LCI result",kg,EF Database 3.1,99347a16-a176-4471-b6ef-35f37d2e9d09,"  2,00 ","  1,00 ","  1,00 ","  2,00 ","  1,50 "
Component manufacturing - Footwear,LCS2,"Molding, compression",GLO,"Molding, compression {GLO} | service, footwear, pre-treatment | production mix, at plant | 1 Item(s) = 1 pair | LCI result",p,EF Database 3.1,99917738-fadb-54cb-9d72-6b02ae3fdf39,"  1,00 ","  2,47 ","  1,00 ","  2,00 ","  1,62 "
BOM - Apparel,LCS1,PTFE,Europe,"Polytetrafluoroethylene (PTFE) granulate {EU+EFTA+UK} | polymerisation of tetrafluorethylene | production mix, at plant | 2.16 g/cm3 | LCI result",kg,EF Database 3.1,9be560cc-6400-488c-bba0-ea46d162eb8b,"  2,00 ","  2,00 ","  2,00 ","  2,00 ","  2,00 "
Yarn production - Apparel,LCS2,"Combing, flax",Europe,"Combing {GLO} | technology mix | production mix, at plant | service (raw materials excluded) | LCI result",kg,EF Database 3.1,9e5c2783-4e70-556a-a5c9-aca3c830a2a6,"  1,00 ","  1,61 ","  1,00 ","  2,00 ","  1,40 "
BOM - Apparel,LCS1,"wool_virgin",GLO,"Wool {GLO} | sheep | production mix, at farm | 1 kg wool | LCI result",kg,EF Database 3.1,a0ce3e1d-48a9-5d29-9802-c5d3881ffd22,"  1,26 ","  1,26 ","  1,00 ","  3,00 ","  1,63 "
BOM - Apparel,LCS1,Silk,GLO,"Silk {GLO} | drying, immersion, brushing, reeling | production mix, at plant | 1 kg | LCI result",kg,EF Database 3.1,a2e6c77c-42c4-5b27-8254-d11e53d66a89,"  2,00 ","  2,00 ","  1,00 ","  2,00 ","  1,75 "
BOM - Apparel,LCS1,"Leather, cattle, chrome tanned (wet-blue)",GLO,"Leather, cattle, chrome tanned (wet-blue) {GLO} | technology mix | production mix, at tannery | m2 | LCI result",m2,EF Database 3.1,a49d6dce-4f61-51a6-bcec-bc86e9312056,"  1,41 ","  1,41 ","  1,65 ","  2,00 ","  1,62 "
Component manufacturing - Footwear,LCS2,Delasting,GLO,"Delasting {GLO} | delasting process | production mix, at plant | service of delasting 1 pair of shoes | LCI result",p,EF Database 3.1,ae29f020-906c-5ded-a946-d2e79f14ea5d,"  1,61 ","  1,61 ","  1,00 ","  2,00 ","  1,56 "
Washing - both,LCS4,"Washing, 40°, average",Europe,"Washing, 40 degrees C, average {EU+EFTA+UK} | washing, warm water | production mix, at plant | service | LCI result",kg,EF Database 3.1,ae46be13-3830-5af9-9e21-875793e94c88,"  1,70 ","  1,70 ","  1,20 ","  2,00 ","  1,65 "
Yarn production - Apparel,LCS2,"Spinning, for knit, ring-spun",GLO,"Spinning, for knit, ring-spun {GLO} | spinning process | production mix | service of spinning 1kg of yarn (raw material excluded) | LCI result",kg,EF Database 3.1,b0fa7ec9-618b-5a92-8679-67685af42400,"  1,00 ","  1,61 ","  1,00 ","  2,00 ","  1,40 "
Primary packaging - footwear,LCS1,Kraft paper,Europe,"Kraft paper {EU+EFTA+UK} | technology mix | production mix, at plant | kg | LCI result",kg,EF Database 3.1,b150ff20-ba72-5711-89b6-17d0dad0c7a2,"  1,07 ","  1,07 ","  1,88 ","  1,04 ","  1,27 "
End-of-life for intermediate product packaging,LCS2,"Incineration, cardboard",Europe,"Waste incineration of paper and board {EU+EFTA+UK} | waste-to-energy plant with dry flue gas treatment, including transport and pre-treatment | production mix, at consumer | paper waste | LCI result",kg,EF Database 3.1,b6ce954d-deb4-4c16-907a-c67b71e1e862,"  2,00 ","  1,00 ","  1,00 ","  2,00 ","  1,50 "
Assembly - Apparel,LCS2,Sewing,GLO,"Sewing {GLO} | technology mix | production mix, at plant | service including thread | LCI result",kg,EF Database 3.1,ba493f57-af47-56ae-afea-5179cbf61c99,"  1,28 ","  1,84 ","  1,30 ","  2,00 ","  1,61 "
Dyeing - Apparel,LCS2,"Pre-dye preparation (scouring, etc), knit textile, natural fibers",GLO,"Pre-dye preparation (scouring, etc), knit textile, natural fibers {GLO} | Pre-treatment | production mix, at plant | textile service | LCI result",kg,EF Database 3.1,bbdef578-257d-5920-b3e7-d954b8a9f714,"  2,10 ","  2,10 ","  1,50 ","  1,00 ","  1,68 "
BOM - Footwear,LCS1,Steel,GLO,"Stainless steel hot rolled {RoW} | hot rolling | production mix, at plant | stainless steel | LCI result",kg,EF Database 3.1,bd2602fa-abc7-4a57-b3f9-d6a012d29b1e,"  2,00 ","  2,00 ","  3,00 ","  2,00 ","  2,25 "
End-of-life for intermediate product packaging,LCS2,"Virgin, cardboard",Europe,"Cardboard, production mix, at plant {GLO} | Kraft Pulping Process | production mix, at plant | 180- 300 kg/m3 | LCI result",kg,EF Database 3.1,be844122-c9d9-4691-b5ef-52316d1d563d,"  3,00 ","  3,00 ","  2,00 ","  2,00 ","  2,50 "
Component manufacturing - Footwear,LCS2,"Lamination, water based glue",GLO,"Lamination, water based glue {GLO} | lamination process | average service, at plant | 1 kg of water based glue laminated fabric | LCI result",kg,EF Database 3.1,c132da37-2fa6-5f23-8a2b-165f5d9436a5,"  1,10 ","  1,66 ","  1,00 ","  1,13 ","  1,22 "
BOM - Apparel,LCS1,Cashmere,GLO,Cashmere fiber {GLO} | raw | production mix | LCI result,kg,EF Database 3.1,c2492c46-104d-5192-b119-5fc70abf64cd,"  1,85 ","  1,85 ","  1,00 ","  2,00 ","  1,68 "
Product assembly - Footwear,LCS2,Stockfitting,GLO,"Stockfitting {GLO} | stock fitting process | production mix, at plant | service | LCI result",p,EF Database 3.1,c2655829-05de-5398-a20f-245cd5fabdfb,"  1,87 ","  1,88 ","  1,00 ","  1,87 ","  1,66 "
Ironing - Apparel,LCS4,"Ironing, average, 1 minute",Europe,"Ironing, average, 1 minute {EU+EFTA+UK} | technology mix | production mix, at plant | service | LCI result",kg,EF Database 3.1,c5459a8f-21e8-53fc-987c-eed7f5debf43,"  1,00 ","  1,00 ","  1,00 ","  2,00 ","  1,25 "
BOM - Apparel,LCS1,Viscose fibre,GLO,"Viscose fibre {GLO} | virgin production from hardwood sulphite pulp | production mix, at plant | 1kg of product | LCI result",kg,EF Database 3.1,cf866b79-bc7d-58fc-a373-9a28531c91a9,"  2,15 ","  2,15 ","  1,03 ","  2,00 ","  1,83 "
Fabric manufacturing - Apparel,LCS2,"Knitting, flat",GLO,"Knitting, flat {GLO} | knitting process | production, at plant | service of knitting fabric | LCI result",kg,EF Database 3.1,d05845fb-944f-530a-9df1-aa81cd6bdc1d,"  1,00 ","  1,61 ","  1,00 ","  2,00 ","  1,40 "
Primary packaging - apparel,LCS1,Cardboard,Europe,"Carton board {EU+EFTA+UK} | Kraft Pulping Process, pulp pressing and drying, box manufacturing | production mix, at plant | 280 g/m2 | LCI result",kg,EF Database 3.1,d05c4b39-2e68-43bb-9875-fba8fd1333a6,"  2,00 ","  2,00 ","  2,00 ","  2,00 ","  2,00 "
BOM - Apparel,LCS1,"Leather, veal/calf, chrome tanned (wet-blue)",GLO,"Leather, veal/calf, chrome tanned (wet-blue) {GLO} | technology mix | production mix, at tannery | m2 | LCI result",m2,EF Database 3.1,d16e1790-7d19-58eb-a2c6-123cf1781ee5,"  1,57 ","  1,57 ","  1,59 ","  2,00 ","  1,68 "
Primary packaging - apparel,LCS1,"Paper sack, Kraft",Europe,"Paper sack {EU+EFTA+UK} | Kraft Pulping Process, pulp pressing and drying | production mix, at plant | Kraft Sack Paper | LCI result",kg,EF Database 3.1,d262e73e-701c-404e-8398-e73dd4e795c9,"  2,00 ","  2,00 ","  3,00 ","  2,00 ","  2,25 "
Primary packaging - apparel,LCS1,Polybag,GLO,"Plastic bag, LDPE {EU+EFTA+UK} | raw material production, plastic extrusion | production mix, at plant | thickness: 0.03 mm, grammage: 0.0275 kg/m2 | LCI result",m2,EF Database 3.1,d53d7b71-871e-45ac-8268-81f822514f0a,"  2,00 ","  2,00 ","  2,00 ","  2,00 ","  2,00 "
Dyeing - Apparel,LCS2,"Bleaching, conventional",GLO,"Bleaching, conventional {GLO} | Pre-treatment | production mix, at plant | textile service | LCI result",kg,EF Database 3.1,d60b0c47-7e87-5f3b-b1a1-33f2ddc29873,"  1,78 ","  1,91 ","  1,00 ","  2,00 ","  1,67 "
BOM - Apparel,LCS1,"Leather, caprine (sheep), chrome tanned (wet-blue)",GLO,"Leather, caprine (goat), chrome tanned (wet- blue) {GLO} | technology mix | production mix, at tannery | m2 | LCI result",m2,EF Database 3.1,dc119ffd-a06f-5e11-a054-27410b565161,"  1,42 ","  1,42 ","  1,56 ","  2,00 ","  1,60 "
Transport raw materials,LCS1,"Transport, truck (32t, euro4)",Europe,"Articulated lorry transport, Euro 4, Total weight >32 t {EU+EFTA+UK} | diesel driven, Euro 4, cargo | consumption mix, to consumer | more than 32t gross weight / 24,7t payload capacity | LCI result",kgkm,EF Database 3.1,e1ded83e-a02f-42cd-92f9-81cce21a3a98,"  1,00 ","  1,00 ","  1,00 ","  2,00 ","  1,25 "
BOM - Apparel,LCS1,"Nylon 6, fossil fuel-based",Europe,"Nylon 6, fossil fuel-based {GLO} | hydrolytic polymerisation of caprolactam | production mix, at plant | petrochemical based | LCI result",kg,EF Database 3.1,e9977c03-339a-5069-aa93-30897ebcacaf,"  2,05 ","  2,05 ","  1,00 ","  1,86 ","  1,74 "
End-of-life of 1 product,LCS5,End of life of electronics,Europe,"End of life of flat chip resistor Recycling of copper and  precious metals (Ag, Au, Pd, Pt) from electronics production mix, at plant recycling processes: 95- 98% efficiency, scrap incineration: 11.0 MJ/kg NCV",kg,EF Database 3.1,f1de74ac-ea24-4493-a981-5e771dcf1476,"  3,00 ","  2,00 ","  2,00 ","  2,00 ","  2,25 "
Transport raw materials,LCS1,"Transportation, train",Europe,"Freight train, average {EU+EFTA+UK} | mix of electricity driven and diesel driven, cargo | consumption mix, to consumer | average train, gross tonne weight 1000t / 726t payload capacity | LCI result",kgkm,EF Database 3.1,f28bff05-7e79-46b8-8ac0-7c4d80f0d3fa,"  3,00 ","  3,00 ","  2,00 ","  2,00 ","  2,50 "
End-of-life for intermediate product packaging,LCS2,"Landfill, LDPE",Europe,"Landfill of plastic waste {EU+EFTA+UK} | landfill including leachate treatment and with transport without collection and pre-treatment | production mix (region specific sites), at landfill site | The carbon and water content are respectively of 62%C and and 0% Water (in weight %) | LCI result",kg,EF Database 3.1,f2bea0f5-e4b7-4a2c-9f34-4eb32495cbc6,"  2,00 ","  2,00 ","  2,00 ","  2,00 ","  2,00 "
End-of-life for manufacturing losses,LCS2,"Lorry transport, RoW",Europe,"Articulated lorry transport, Total weight 28-32 t, mix Euro 0-5 {EU+EFTA+UK} | diesel driven, Euro 0 - 5 mix, cargo | consumption mix, to consumer | 28 - 32t gross weight / 22t payload capacity | LCI result",kgkm,EF Database 3.1,f40ffb46-4dce-4df0-b2e0-afd1032e8801,"  1,00 ","  3,00 ","  1,00 ","  2,00 ","  1,75 "


